Protection,Tag,Health,Secondary,Tertiary,Quaternary,Length.cm,Width.cm,Area.cm2,Year,Notes,Population,Monitor,x,y
Rebar,18,5,,,,,,,2012-2013,,Historic,,-119.1804738,34.99280582
Rebar,25,4,,,,,,,2012-2013,,Historic,,-119.1804595,34.99286199
Rebar,31,5,,,,,,,2012-2013,,Historic,,-119.0876535,35.01930319
Rebar,32,4,,,,,,,2012-2013,,Historic,,-119.0874761,35.01937603
Rebar,34,4,,,,,,,2012-2013,,Historic,,-119.087464,35.01949329
Rebar,64,5,,,,,,,2012-2013,,Historic,,-119.0870395,35.0195156
Rebar,66,5,,,,,,,2012-2013,,Historic,,-119.0870981,35.01949645
Rebar,67,5,,,,,,,2012-2013,,Historic,,-119.0873826,35.01954508
Rebar,69,4,,,,,,,2012-2013,,Historic,,-119.0871201,35.01949928
Rebar,70,4,,,,,,,2012-2013,,Historic,,-119.087185,35.01956919
Rebar,71,4,,,,,,,2012-2013,,Historic,,-119.0871834,35.01951244
Rebar,72,4,,,,,,,2012-2013,,Historic,,-119.0871402,35.01956864
Rebar,73,5,,,,,,,2012-2013,,Historic,,-119.0870909,35.01954009
Rebar,78,4,,,,,,,2012-2013,,Historic,,-119.0868111,35.01914963
Rebar,79,5,,,,,,,2012-2013,,Historic,,-119.0868157,35.01908211
Rebar,80,5,,,,,,,2012-2013,,Historic,,-119.0868456,35.01885953
Rebar,84,4,,,,,,,2012-2013,,Historic,,-119.0866943,35.01915274
Rebar,114,0,,,,,,,2012-2013,H114,Historic,,-119.0860343,35.0189291
Rebar,115,0,,,,,,,2012-2013,H115,Historic,,-119.086192,35.01872074
Rebar,118,5,,,,,,,2012-2013,H118,Historic,,-119.0862334,35.01861148
Rebar,137,4,,,,,,,2012-2013,,Historic,,-119.0872238,35.01976734
Rebar,140,5,,,,,,,2012-2013,,Historic,,-119.0870959,35.01987053
Rebar,187,5,,,,,,,2012-2013,,Historic,,-119.0875721,35.01963877
Rebar,191,5,,,,,,,2012-2013,,Historic,,-119.0875688,35.01993192
Rebar,192,5,,,,,,,2012-2013,,Historic,,-119.087566,35.01994553
Rebar,193,5,,,,,,,2012-2013,,Historic,,-119.08725,35.0195626
Rebar,198,0,,,,,,,2012-2013,tag number  H198,Historic,,-119.0859016,35.01921787
Rebar,200,0,,,,,,,2012-2013,H200,Historic,,-119.0861927,35.01862492
Rebar,201,0,,,,,,,2012-2013,,Historic,,-119.0864281,35.01898346
Rebar,203,0,,,,,,,2012-2013,H203,Historic,,-119.0860077,35.01908895
Rebar,205,5,,,,,,,2012-2013,,Historic,,-119.0873645,35.01936766
Rebar,206,0,,,,,,,2012-2013,H206,Historic,1,-119.0861749,35.01898024
Rebar,209,0,,,,,,,2012-2013,tag number H209,Historic,1,-119.0861758,35.01941865
Rebar,300,5,,,,,,,2012-2013,,Historic,,-119.0873654,35.01941411
Rebar,479,5,,,,,,,2012-2013,,Historic,,-119.0876106,35.01880943
Rebar,497,5,,,,,,,2012-2013,,Historic,,-119.0876572,35.01909336
Rebar,,5,,,,,,,2012-2013,,Historic,,-119.0860789,35.01933908
Rebar,,5,,,,,,,2012-2013,,Historic,,-119.0858763,35.01921958
Rebar,,2,,,,,,,2012-2013,,Historic,,-119.0859532,35.01904785
Rebar,,0,,,,,,,2012-2013,,Historic,,-119.0858245,35.01896624
Rebar,,0,,,,,,,2012-2013,,Historic,,-119.0861712,35.01866786
Rebar,,0,,,,,,,2012-2013,,Historic,,-119.0862641,35.01856884
Rebar,85,3,,,,,,,2012-2013,,Historic,,-119.0867475,35.01920774
Rebar,694,4,,,,,,,2013-2014,some signs of mild rot(browning); overall healthy(green),Historic,,-119.0867448,35.01981353
Rebar,695,5,,,,,,,2013-2014,,Historic,,-119.086697,35.01966174
Rebar,697,5,,,,,,,2013-2014,,Historic,,-119.0867548,35.01937152
Rebar,705,5,,,,,,,2013-2014,,Historic,,-119.0871258,35.01962628
Rebar,706,5,,,,,,,2013-2014,,Historic,,-119.0871345,35.01977822
Rebar,809,4,,,,,,,2013-2014,,Historic,,-119.0867937,35.01950206
Rebar,,5,,,,,,,2013-2014,,Historic,,-119.0869192,35.01955877
Rocks,699,5,,,,,,,2013-2014,,Historic,,-119.0867198,35.0191042
Rocks,703,5,,,,,,,2013-2014,,Historic,,-119.0870844,35.01937459
Vaca,693,5,,,,,,,2013-2014,,Historic,,-119.0867331,35.01995649
Vaca,713,5,,,,,,,2013-2014,,Historic,,-119.0876967,35.01875255
Rebar,806,4,,,,,,,2014-2015,some browning; overall green,Historic,,-119.0868063,35.01987858
Rebar,814,5,,,,,,,2014-2015,,Historic,,-119.0870917,35.01903348
Rebar,822,5,,,,,,,2014-2015,,Historic,,-119.0874011,35.0198032
Rebar,823,5,,,,,,,2014-2015,,Historic,,-119.0874594,35.01970308
Rocks,825,5,,,,,,,2014-2015,,Historic,,-119.0875595,35.01946622
Vaca,810,5,,,,,,,2014-2015,,Historic,,-119.0867984,35.01931013
Vaca,820,5,,,,,,,2014-2015,,Historic,,-119.0870323,35.01983546
Vaca,826,5,,,,,,,2014-2015,,Historic,,-119.0875584,35.01938149
Rebar,858,5,,,,,,,2015-2016,,Historic,,-119.0868696,35.01981012
Rebar,880,5,,,,,,,2015-2016,,Historic,,-119.0874607,35.01955922
Rebar,882,5,,,,,,,2015-2016,,Historic,,-119.0874227,35.01972274
Rocks,859,4,,,,,,,2015-2016,squished by rock,Historic,,-119.0868744,35.01976159
Rocks,861,4,,,,,,,2015-2016,,Historic,,-119.0868735,35.01963983
Rocks,868,4,,,,,,,2015-2016,,Historic,,-119.086957,35.01919245
Rocks,870,5,,,,,,,2015-2016,,Historic,,-119.0869428,35.01904566
Rocks,872,4,,,,,,,2015-2016,,Historic,,-119.0874172,35.01893003
Rocks,875,5,,,,,,,2015-2016,,Historic,,-119.0873936,35.01925559
Rocks,878,5,,,,,,,2015-2016,,Historic,,-119.0874824,35.01940461
Rocks,879,5,,,,,,,2015-2016,,Historic,,-119.0873914,35.0195064
Rocks,881,5,,,,,,,2015-2016,,Historic,,-119.0874112,35.01964504
Rocks,,5,,,,,,,2015-2016,missing tag,Historic,,-119.0874232,35.01916421
Rocks,31,5,,,,,,,2016-2017,,Historic,,-119.0866595,35.01929426
Rocks,44,2,,,,,,,2016-2017,,Historic,,-119.0868844,35.01953446
Rocks,50,5,,,,,,,2016-2017,plain rebar but planted 16-17,Historic,,-119.0869954,35.01914309
Rocks,55,1,,,,,,,2016-2017,,Historic,,-119.0866756,35.019141
Rocks,83,4,,,,,,,2016-2017,,Historic,,-119.0866608,35.01951475
Rocks,92,3,,,,,,,2016-2017,,Historic,,-119.086611,35.01959198
Rocks,283,3,,,,,,,2016-2017,,Historic,,-119.0865454,35.01944852
Rocks,298,3,,,,,,,2016-2017,,Historic,,-119.0868516,35.01927581
Rocks,373,4,,,,,,,2016-2017,,Historic,,-119.0866117,35.01911873
Rocks,378,4,,,,,,,2016-2017,,Historic,,-119.0865985,35.01937484
Rocks,379,3,,,,,,,2016-2017,,Historic,,-119.0866383,35.01936981
Rocks,386,5,,,,,,,2016-2017,,Historic,,-119.0867229,35.01974109
Rocks,389,3,,,,,,,2016-2017,,Historic,,-119.0866373,35.01960005
Rocks,394,1,,,,,,,2016-2017,,Historic,,-119.08668,35.01974154
Rocks,418,0,,,,,,,2016-2017,plain rebar  but  planted  16-17  ,Historic,,-119.0870007,35.01923679
Rocks,476,2,,,,,,,2016-2017,mostly buried  in  sand. 3 pads barely alive,Historic,,-119.0865255,35.01933321
Rocks,486,4,,,,,,,2016-2017,,Historic,,-119.0865573,35.01927945
Rocks,534,5,,,,,,,2016-2017,,Historic,,-119.0867387,35.01927838
Rocks,543,4,,,,,,,2016-2017,added tag and rebar. previously only straight rebar knocked over,Historic,,-119.0870077,35.01968186
Rebar,18,0,,,,,,,2012-2013,Pads absent,Lobos,1,-119.2186431,35.00138131
Rebar,19,0,,,,,,,2012-2013,Pads ansent,Lobos,,-119.2186913,35.00134708
Rebar,30,0,,,,,,,2012-2013,"No pads, rebar removed ",Lobos,1,-119.2181074,35.00086771
Rebar,40,4,,,,,,,2012-2013,,Lobos,,-119.2191286,34.99626262
Rebar,43,4,,,,,,,2012-2013,,Lobos,,-119.2190217,34.99599716
Rebar,48,0,,,,,,,2012-2013,"No pads, rebar removed",Lobos,1,-119.2191338,34.99544348
Rebar,60,4,,,,,,,2012-2013,,Lobos,,-119.2189982,34.99557911
Rebar,64,0,,,,,,,2012-2013,pads absent,Lobos,,-119.2189372,34.99521339
Rebar,67,5,,,,,,,2012-2013,,Lobos,,-119.2188784,34.99521731
Rebar,71,4,,,,,,,2012-2013,,Lobos,,-119.2190905,34.99502064
Rebar,78,0,,,,,,,2012-2013,pads misding,Lobos,,-119.2191598,34.9949743
Rebar,79,5,,,,,,,2012-2013,,Lobos,,-119.2192896,34.99494984
Rebar,81,5,,,,,,,2012-2013,,Lobos,,-119.2192751,34.99505113
Rebar,82,5,,,,,,,2012-2013,,Lobos,,-119.2194426,34.99503752
Rebar,86,5,,,,,,,2012-2013,,Lobos,,-119.2194301,34.99537226
Rebar,87,0,,,,,,,2012-2013,No pads,Lobos,,-119.2194599,34.99543698
Rebar,95,5,,,,,,,2012-2013,,Lobos,,-119.2192828,34.99470415
Rebar,98,0,,,,,,,2012-2013,pads absent,Lobos,1,-119.2192898,34.99480558
Rebar,,0,,,,,,,2012-2013,"No pads, rebar down",Lobos,,-119.2191329,34.99619218
Rebar,,5,,,,,,,2012-2013,,Lobos,,-119.2190514,34.99543979
Rebar,,5,,,,,,,2012-2013,,Lobos,,-119.2190073,34.9953604
Rebar,,0,,,,,,,2012-2013,pads absent  ,Lobos,,-119.2189227,34.99535671
Rebar,,0,,,,,,,2012-2013,pads absent,Lobos,,-119.218892,34.99528208
Rebar,,5,,,,,,,2012-2013,,Lobos,,-119.2187885,34.99540267
Rebar,,0,,,,,,,2012-2013,pads absent,Lobos,1,-119.2188259,34.99531092
Rebar,,0,,,,,,,2012-2013,pads absent,Lobos,,-119.2189959,34.99516715
Rebar,,0,,,,,,,2012-2013,pads absrnt,Lobos,,-119.2189657,34.99513603
Rebar,,0,,,,,,,2012-2013,pads absent  ,Lobos,,-119.2190416,34.99534924
Rebar,,0,,,,,,,2012-2013,pads absent,Lobos,,-119.2190638,34.99510531
Rebar,,0,,,,,,,2012-2013,pads absent,Lobos,,-119.2194001,34.99512823
Rebar,,5,,,,,,,2012-2013,,Lobos,,-119.2192881,34.99463356
Rebar,,5,,,,,,,2012-2013,,Lobos,,-119.2195398,34.9953272
Rebar,656,5,,,,,,,2013-2014,,Lobos,,-119.2191925,34.99578707
Rebar,669,0,,,,,,,2013-2014,No pads present,Lobos,,-119.2183332,35.0011468
Rebar,661,5,,,,,,,2013-2014,,Lobos,,-119.2191932,34.99670035
Vaca,647,5,,,,,,,2013-2014,,Lobos,,-119.2191706,34.9943785
Vaca,649,5,,,,,,,2013-2014,,Lobos,,-119.2193252,34.99457863
Vaca,650,5,,,,,,,2013-2014,,Lobos,,-119.2191896,34.99470303
Vaca,664,5,,,,,,,2013-2014,,Lobos,,-119.2178235,35.00036595
Vaca,665,5,,,,,,,2013-2014,,Lobos,,-119.2179019,35.00056129
Vaca,666,0,,,,,,,2013-2014,No pads present,Lobos,,-119.2179822,35.0006961
Vaca,667,0,,,,,,,2013-2014,No pads present,Lobos,1,-119.2181122,35.00087968
Vaca,668,1,,,,,,,2013-2014,,Lobos,,-119.2182244,35.00102546
Rebar,744,5,,,,,,,2014-2015,,Lobos,,-119.2192578,34.99616946
Rebar,745,5,,,,,,,2014-2015,,Lobos,,-119.2192734,34.99605867
Rebar,746,4,,,,,,,2014-2015,,Lobos,,-119.2193117,34.99598632
Rebar,747,5,,,,,,,2014-2015,,Lobos,,-119.2192609,34.99584248
Rebar,749,5,,,,,,,2014-2015,,Lobos,,-119.2192581,34.99565483
Rebar,738,5,,,,,,,2014-2015,,Lobos,,-119.219194,34.99678956
Rebar,741,5,,,,,,,2014-2015,,Lobos,,-119.2192448,34.99658275
Rocks,743,5,,,,,,,2014-2015,,Lobos,,-119.219221,34.99629783
Vaca,752,5,,,,,,,2014-2015,,Lobos,,-119.2191894,34.99531029
Vaca,753,5,,,,,,,2014-2015,,Lobos,,-119.2192589,34.9951925
Vaca,754,5,,,,,,,2014-2015,I knocked  over a pad,Lobos,,-119.2192805,34.99508411
Vaca,755,5,,,,,,,2014-2015,,Lobos,,-119.2192415,34.99495493
Vaca,756,5,,,,,,,2014-2015,,Lobos,,-119.2192227,34.99479092
Vaca,758,5,,,,,,,2014-2015,,Lobos,,-119.2192651,34.9945323
Rebar,930,5,,,,,,,2015-2016,,Lobos,,-119.2193133,34.99464567
Rebar,916,5,,,,,,,2015-2016,,Lobos,,-119.219546,34.99524864
Rebar,925,5,,,,,,,2015-2016,,Lobos,,-119.2194206,34.99455942
Rebar,938,5,,,,,,,2015-2016,,Lobos,,-119.2194222,34.99507614
Rebar,953,4,,,,,,,2015-2016,,Lobos,,-119.2193051,34.99480973
Rocks,917,5,,,,,,,2015-2016,,Lobos,,-119.2195261,34.99518569
Rocks,924,5,,,,,,,2015-2016,,Lobos,,-119.2194852,34.99464729
Rocks,927,5,,,,,,,2015-2016,,Lobos,,-119.2194086,34.99436104
Rocks,932,5,,,,,,,2015-2016,,Lobos,,-119.2192906,34.99475861
Rocks,934,5,,,,,,,2015-2016,,Lobos,,-119.2193536,34.9948585
Rocks,935,5,,,,,,,2015-2016,,Lobos,,-119.2194121,34.99490453
Rocks,936,5,,,,,,,2015-2016,,Lobos,,-119.2193661,34.99496337
Rocks,939,5,,,,,,,2015-2016,,Lobos,,-119.2194173,34.99512294
Rocks,941,4,,,,,,,2015-2016,,Lobos,,-119.219453,34.99524536
Rocks,942,4,,,,,,,2015-2016,,Lobos,,-119.2194566,34.99528689
Rocks,,5,,,,,,,2016-2017,,Lobos,,-119.2191847,34.99685026
Rocks,,5,,,,,,,2016-2017,,Lobos,,-119.219115,34.99679006
Rocks,,5,,,,,,,2016-2017,,Lobos,,-119.2191082,34.99609048
Rocks,,5,,,,,,,2016-2017,,Lobos,,-119.2191124,34.99612612
Rocks,,4,,,,,,,2016-2017,pads half buried,Lobos,,-119.2192346,34.99562639
Rocks,,5,,,,,,,2016-2017,,Lobos,,-119.2191822,34.99539124
Rocks,,4,,,,,,,2016-2017,,Lobos,,-119.2191627,34.99489497
Rocks,,5,,,,,,,2016-2017,,Lobos,,-119.2191059,34.99449272
Rocks,,5,,,,,,,2016-2017,,Lobos,,-119.2190271,34.99425755
Rocks,,5,,,,,,,2016-2017,,Lobos,,-119.2193347,34.99430631
Rebar,103,4,,,,,,,2012-2013,,Muddy,,-119.2373369,35.02550323
Rebar,104,5,,,,,,,2012-2013,,Muddy,,-119.237413,35.02546082
Rebar,110,5,,,,,,,2012-2013,rebar knocked over,Muddy,,-119.2376658,35.02585191
Rebar,113,5,,,,,,,2012-2013,,Muddy,,-119.2377367,35.02576164
Rebar,123,5,,,,,,,2012-2013,,Muddy,,-119.2372813,35.02649782
Rebar,154,5,,,,,,,2012-2013,,Muddy,,-119.238227,35.02530908
Rebar,156,1,,,,,,,2012-2013,,Muddy,,-119.2381205,35.02535948
Rebar,158,5,,,,,,,2012-2013,,Muddy,,-119.2380655,35.02547818
Rebar,160,5,,,,,,,2012-2013,,Muddy,,-119.2373781,35.02622137
Rebar,161,5,,,,,,,2012-2013,,Muddy,,-119.2375102,35.02606988
Rebar,165,5,,,,,,,2012-2013,,Muddy,,-119.2375557,35.0261197
Rebar,182,0,,,,,,,2012-2013,dead,Muddy,1,-119.238634,35.02495293
Rebar,,3,,,,,,,2012-2013,,Muddy,,-119.2384101,35.02485389
Rebar,,2,,,,,,,2012-2013,,Muddy,,-119.237467,35.02543382
Rebar,,5,,,,,,,2012-2013,,Muddy,,-119.2386388,35.02516179
Rebar,,5,,,,,,,2012-2013,,Muddy,,-119.2383225,35.02484594
Rebar,,4,,,,,,,2012-2013,evidence of flowers,Muddy,,-119.2381806,35.02522833
Rebar,,5,,,,,,,2012-2013,2 secondary pads breaking through fresh sediment. primary pad completely buried  ,Muddy,,-119.2373926,35.02631395
Rebar,,5,,,,,,,2012-2013,,Muddy,,-119.2374863,35.02588856
Rebar,,5,,,,,,,2012-2013,primary pad buried in sediment  ,Muddy,,-119.2377943,35.02560504
Rebar,,5,,,,,,,2012-2013,,Muddy,,-119.2377716,35.0255288
Rebar,,0,,,,,,,2012-2013,dead,Muddy,,-119.2377263,35.0254518
Rocks,,4,,,,,,,2012-2013,,Muddy,,-119.2373744,35.02550621
Rebar,631,5,,,,,,,2013-2014,,Muddy,,-119.2380117,35.02598449
Rebar,633,5,,,,,,,2013-2014,,Muddy,,-119.2376232,35.02635374
Rebar,641,4,,,,,,,2013-2014,,Muddy,,-119.2376824,35.0259524
Rebar,643,4,,,,,,,2013-2014,primary pads buried in muddy-leafy debris  ,Muddy,,-119.2377612,35.02554465
Rebar,724,5,,,,,,,2013-2014,,Muddy,,-119.2375798,35.02612068
Rebar,,4,,,,,,,2013-2014,,Muddy,,-119.2374883,35.02613768
Vaca,644,5,,,,,,,2013-2014,,Muddy,,-119.2379132,35.02536501
Vaca,646,4,,,,,,,2013-2014,,Muddy,,-119.2382844,35.02501283
Rebar,719,4,,,,,,,2014-2015,,Muddy,,-119.2379759,35.02560033
Rebar,722,5,,,,,,,2014-2015,,Muddy,,-119.23774,35.02590997
Rebar,726,3,,,,,,,2014-2015,mostly buried in new sediment  ,Muddy,,-119.2374152,35.026506
Rebar,727,4,,,,,,,2014-2015,,Muddy,,-119.2375331,35.02649422
Rebar,728,5,,,,,,,2014-2015,,Muddy,,-119.2376534,35.02638388
Rebar,731,4,,,,,,,2014-2015,,Muddy,,-119.2379822,35.02593529
Rebar,732,5,,,,,,,2014-2015,,Muddy,,-119.2381794,35.02586249
Rebar,733,5,,,,,,,2014-2015,,Muddy,,-119.2382538,35.02570672
Rebar,720,5,,,,,,,2014-2015,,Muddy,,-119.2378657,35.02575029
Vaca,718,5,,,,,,,2014-2015,out growing  Vaca cage,Muddy,,-119.2380741,35.02545371
Vaca,721,3,,,,,,,2014-2015,,Muddy,,-119.2378586,35.02581745
Rebar,947,5,,,,,,,2015-2016,,Muddy,,-119.239366,35.02481537
Rebar,949,5,,,,,,,2015-2016,,Muddy,,-119.23927,35.02498321
Rebar,960,5,,,,,,,2015-2016,,Muddy,,-119.2394875,35.02538809
Rebar,964,4,,,,,,,2015-2016,,Muddy,,-119.2395748,35.02499601
Rocks,951,5,,,,,,,2015-2016,,Muddy,,-119.2392135,35.02509254
Rocks,952,5,,,,,,,2015-2016,,Muddy,,-119.2391668,35.02515038
Rocks,953,5,,,,,,,2015-2016,,Muddy,,-119.2391874,35.02524289
Rocks,954,4,,,,,,,2015-2016,,Muddy,,-119.2391819,35.02531455
Rocks,955,5,,,,,,,2015-2016,evidence  of  flowers  ,Muddy,,-119.2391071,35.02543792
Rocks,961,4,,,,,,,2015-2016,,Muddy,,-119.239521,35.02529524
Rocks,962,4,,,,,,,2015-2016,,Muddy,,-119.2395164,35.02522271
Rocks,963,5,,,,,,,2015-2016,,Muddy,,-119.2395317,35.02515761
Rocks,966,4,,,,,,,2015-2016,evidence of flowers  ,Muddy,,-119.2395507,35.0248982
Rocks,970,5,,,,,,,2015-2016,,Muddy,,-119.2396174,35.02456586
Rocks,971,5,,,,,,,2015-2016,,Muddy,,-119.2396471,35.02450452
Rocks,,5,,,,,,,2015-2016,,Muddy,,-119.2390147,35.02555865
Rebar,518,2,,,,,,,2016-2017,,Muddy,,-119.2378514,35.02577811
Rocks,511,4,,,,,,,2016-2017,,Muddy,,-119.238112,35.02530675
Rocks,512,4,,,,,,,2016-2017,,Muddy,,-119.2380926,35.02537493
Rocks,513,5,,,,,,,2016-2017,,Muddy,,-119.2381352,35.02537207
Rocks,514,5,,,,,,,2016-2017,,Muddy,,-119.2379619,35.02550751
Rocks,515,3,,,,,,,2016-2017,,Muddy,,-119.2379729,35.02568797
Rocks,517,3,,,,,,,2016-2017,,Muddy,,-119.2379699,35.02573147
Rocks,519,3,,,,,,,2016-2017,5 pads only,Muddy,,-119.2378439,35.02586961
Rocks,520,4,,,,,,,2016-2017,,Muddy,,-119.2376539,35.02604434
Rocks,521,5,,,,,,,2016-2017,,Muddy,,-119.2376963,35.02591109
Rocks,524,4,,,,,,,2016-2017,,Muddy,,-119.237635,35.02600518
Rocks,527,2,,,,,,,2016-2017,,Muddy,,-119.237512,35.02618812
Rocks,528,3,,,,,,,2016-2017,3 pads uprooted but still alive,Muddy,,-119.2381405,35.02574158
Rocks,529,2,,,,,,,2016-2017,,Muddy,,-119.2382492,35.02579571
Rocks,530,3,,,,,,,2016-2017,,Muddy,,-119.2381745,35.02581996
Rocks,532,4,,,,,,,2016-2017,,Muddy,,-119.2380303,35.02587759
Rocks,533,1,,,,,,,2016-2017,,Muddy,,-119.2377903,35.02619092
Rocks,534,5,,,,,,,2016-2017,,Muddy,,-119.2381827,35.02588842
Rocks,535,5,,,,,,,2016-2017,,Muddy,,-119.2380409,35.0260912
Rocks,536,3,,,,,,,2016-2017,"2 pads  outside rock protection, uprooted but alive",Muddy,,-119.2379118,35.02599493
Rocks,537,4,,,,,,,2016-2017,Muddy sediment around bases of pads from flooding,Muddy,,-119.2380889,35.02522008
Rocks,538,5,,,,,,,2016-2017,,Muddy,,-119.2375704,35.02577175
Rocks,539,4,,,,,,,2016-2017,,Muddy,,-119.2377202,35.02565458
Rocks,540,5,,,,,,,2016-2017,,Muddy,,-119.2381902,35.0256903
Rocks,542,2,,,,,,,2016-2017,,Muddy,,-119.2379,35.02593833
Rocks,544,2,,,,,,,2016-2017,,Muddy,,-119.237791,35.02616564
Rocks,546,3,,,,,,,2016-2017,"5 pads uprooted, 4/5 alive",Muddy,,-119.23805,35.02605317
Rocks,547,3,,,,,,,2016-2017,,Muddy,,-119.2380815,35.02607762
Rebar,690,4,,,,,,,2013-2014,evidence of flowers  10,Salt,,-118.9727556,34.97644741
Rebar,670,5,,,,,,,2013-2014,,Salt,,-118.9716513,34.97681407
Rebar,672,4,,,,,,,2013-2014,,Salt,,-118.9719494,34.97662617
Rebar,676,4,,,,,,,2013-2014,,Salt,,-118.9724697,34.97618893
Rebar,680,5,,,,,,,2013-2014,,Salt,,-118.9723052,34.97641301
Rebar,681,5,,,,,,,2013-2014,,Salt,,-118.9722214,34.97653265
Rebar,688,5,,,,,,,2013-2014,,Salt,,-118.9724603,34.97669375
Rebar,689,5,,,,,,,2013-2014,,Salt,,-118.972653,34.97655145
Rocks,679,5,,,,,,,2013-2014,,Salt,,-118.9724036,34.97638594
Rocks,685,4,,,,,,,2013-2014,,Salt,,-118.9719645,34.97718457
Vaca,671,5,,,,,,,2013-2014,not sure if right tag #,Salt,,-118.9718094,34.97670364
Vaca,682,5,,,,,,,2013-2014,,Salt,,-118.9720672,34.97674247
Vaca,692,4,,,,,,,2013-2014,"evidence of flowers 6, one fallen pad",Salt,,-118.9730228,34.97612104
Vaca,692,5,,,,,,,2013-2014,,Salt,,-118.9730258,34.97617049
Rebar,798,5,,,,,,,2014-2015,,Salt,,-118.9719207,34.97695913
Rebar,783,5,,,,,,,2014-2015,,Salt,,-118.9716398,34.97689982
Rebar,785,5,,,,,,,2014-2015,,Salt,,-118.9718705,34.97668204
Rebar,790,5,,,,,,,2014-2015,,Salt,,-118.9725687,34.97617026
Rebar,791,5,,,,,,,2014-2015,,Salt,,-118.9726973,34.9762076
Rebar,794,5,,,,,,,2014-2015,,Salt,,-118.9724286,34.9765554
Rebar,795,5,,,,,,,2014-2015,,Salt,,-118.9723807,34.97662021
Rebar,796,5,,,,,,,2014-2015,,Salt,,-118.9722575,34.9767279
Rebar,802,5,,,,,,,2014-2015,,Salt,,-118.9721102,34.97687514
Rebar,805,5,,,,,,,2014-2015,,Salt,,-118.9725726,34.97653734
Rocks,797,3,,,,,,,2014-2015,,Salt,1,-118.9721316,34.97680954
Vaca,787,5,,,,,,,2014-2015,,Salt,,-118.9721496,34.97651029
Rebar,904,4,,,,,,,2015-2016,,Salt,,-118.9728852,34.97651038
Rebar,912,5,,,,,,,2015-2016,,Salt,,-118.9722587,34.97701714
Rebar,898,5,,,,,,,2015-2016,,Salt,,-118.9726327,34.97618236
Rocks,885,5,,,,,,,2015-2016,,Salt,,-118.971865,34.97681598
Rocks,889,5,,,,,,,2015-2016,,Salt,,-118.9719594,34.97672603
Rocks,892,3,,,,,,,2015-2016,,Salt,,-118.9721782,34.97651635
Rocks,894,4,,,,,,,2015-2016,,Salt,,-118.9723168,34.97644198
Rocks,897,5,,,,,,,2015-2016,,Salt,,-118.9725358,34.97625596
Rocks,901,4,,,,,,,2015-2016,,Salt,,-118.9730933,34.97629371
Rocks,902,4,,,,,,,2015-2016,,Salt,,-118.9729932,34.97637874
Rocks,903,4,,,,,,,2015-2016,,Salt,,-118.9729279,34.9764553
Rocks,905,5,,,,,,,2015-2016,,Salt,,-118.9728338,34.97657484
Rocks,911,5,,,,,,,2015-2016,,Salt,,-118.9723186,34.97696678
Rocks,913,5,,,,,,,2015-2016,,Salt,,-118.972188,34.97708292
Rocks,914,5,,,,,,,2015-2016,,Salt,,-118.9721238,34.97715509
Rocks,915,4,,,,,,,2015-2016,,Salt,,-118.9720889,34.97720248
Rocks,13,2,,,,,,,2016-2017,,Salt,,-118.9721131,34.97725468
Rocks,94,5,,,,,,,2016-2017,,Salt,,-118.972152,34.97717995
Rocks,350,0,,,,,,,2016-2017,all dead or missing  ,Salt,1,-118.9726173,34.97693025
Rocks,520,3,,,,,,,2016-2017,,Salt,,-118.9728549,34.97685328
Rocks,573,3,,,,,,,2016-2017,,Salt,,-118.9729007,34.97677944
Rocks,587,2,,,,,,,2016-2017,,Salt,,-118.9729337,34.976638
Rebar,4,5,,,,,,,2012-2013,,San Emigdio,,-119.1804618,34.99250717
Rebar,24,5,,,,,,,2012-2013,,San Emigdio,,-119.1804253,34.99290052
Rebar,4,4,,,,,,,2012-2013,used to have 2 rebar,San Emigdio,,-119.1803721,34.99256917
Rebar,22,5,,,,,,,2012-2013,used to have double rebar protection ,San Emigdio,,-119.1804723,34.99278921
Rebar,28,5,,,,,,,2012-2013,rebar on side,San Emigdio,,-119.180441,34.99310919
Rebar,55,3,,,,,,,2012-2013,,San Emigdio,,-119.1805004,34.99262807
Rebar,306,5,,,,,,,2012-2013,,San Emigdio,,-119.1855012,34.98301726
Rebar,307,5,,,,,,,2012-2013,,San Emigdio,,-119.1855202,34.98301742
Rebar,,4,,,,,,,2012-2013,"rebar on side, missing tag",San Emigdio,,-119.1804569,34.99292843
Rebar,,4,,,,,,,2012-2013,used to have single rebar  ,San Emigdio,,-119.1804093,34.99271555
Rebar,,2,,,,,,,2012-2013,,San Emigdio,,-119.1727774,35.01027407
Rebar,,1,,,,,,,2012-2013,,San Emigdio,,-119.1729116,35.01005135
Rebar,,5,,,,,,,2012-2013,,San Emigdio,,-119.1854585,34.98313254
Rebar,,1,,,,,,,2012-2013,,San Emigdio,,-119.1855976,34.98318066
Rebar,,5,,,,,,,2012-2013,,San Emigdio,,-119.1855275,34.98301765
Rocks,30,4,,,,,,,2012-2013,rebar on side,San Emigdio,,-119.1804019,34.99299273
Rebar,767,5,,,,,,,2014-2015,,San Emigdio,,-119.1800705,34.99235292
Rocks,615,4,,,,,,,2014-2015,,San Emigdio,,-119.1803738,34.99299352
Rocks,773,4,,,,,,,2014-2015,,San Emigdio,,-119.1803902,34.99273945
Rocks,775,4,,,,,,,2014-2015,rebar on side,San Emigdio,,-119.1803894,34.99297814
Rebar,832,5,,,,,,,2015-2016,,San Emigdio,,-119.1728809,35.0105475
Rebar,834,3,,,,,,,2015-2016,,San Emigdio,,-119.172795,35.01067695
Rocks,816,5,,,,,,,2015-2016,,San Emigdio,,-119.1804467,34.99240011
Rocks,833,4,,,,,,,2015-2016,,San Emigdio,,-119.1728611,35.01058972
Rocks,836,3,,,,,,,2015-2016,,San Emigdio,,-119.1727647,35.01053118
Rocks,839,5,,,,,,,2015-2016,,San Emigdio,,-119.1801151,34.99238517
Rocks,841,5,,,,,,,2015-2016,,San Emigdio,,-119.1804223,34.99267726
Rocks,842,5,,,,,,,2015-2016,,San Emigdio,,-119.1803456,34.99276436
Rocks,844,5,,,,,,,2015-2016,,San Emigdio,,-119.1805112,34.992533
Rocks,849,5,,,,,,,2015-2016,,San Emigdio,,-119.1855767,34.98339372
Rocks,854,5,,,,,,,2015-2016,,San Emigdio,,-119.1857326,34.98331864
Rebar,855,4,,,,,,,2016-2017,RE-VISIT,San Emigdio,,-119.1857217,34.98343854
Rocks,1,5,,,,,,,2016-2017,,San Emigdio,,-119.1803928,34.99243324
Rocks,2,3,,,,,,,2016-2017,,San Emigdio,,-119.1803989,34.99254264
Rocks,3,5,,,,,,,2016-2017,,San Emigdio,,-119.1804551,34.99244634
Rocks,4,5,,,,,,,2016-2017,,San Emigdio,,-119.1804314,34.99246174
Rocks,5,5,,,,,,,2016-2017,,San Emigdio,,-119.1801547,34.99243156
Rocks,6,5,,,,,,,2016-2017,,San Emigdio,,-119.1801234,34.99241163
Rocks,7,5,,,,,,,2016-2017,,San Emigdio,,-119.1801289,34.99244195
Rocks,8,4,,,,,,,2016-2017,,San Emigdio,,-119.1801024,34.99243484
Rocks,,2,,,,,,,2016-2017,,San Emigdio,,-119.1729878,35.01047495
Rocks,,4,,,,,,,2016-2017,,San Emigdio,,-119.1729581,35.01056323
Rocks,,4,,,,,,,2016-2017,,San Emigdio,,-119.1728789,35.01063027
Rocks,,2,,,,,,,2016-2017,,San Emigdio,,-119.1727403,35.01067394
Rocks,,5,,,,,,,2016-2017,,San Emigdio,,-119.1726991,35.01054581
Rocks,,3,,,,,,,2016-2017,,San Emigdio,,-119.1726564,35.01040845
Rocks,,5,,,,,,,2016-2017,,San Emigdio,,-119.1725349,35.01029592
Rocks,,5,,,,,,,2016-2017,,San Emigdio,,-119.1726292,35.01021637
Rocks,,5,,,,,,,2016-2017,,San Emigdio,,-119.1857496,34.98349283
Rocks,,3,,,,,,,2016-2017,,San Emigdio,,-119.1857631,34.98324392
Rocks,,2,,,,,,,2016-2017,,San Emigdio,,-119.1857137,34.98295831
Rocks,,4,,,,,,,2016-2017,,San Emigdio,,-119.1729819,35.01035343
Rocks,,1,,,,,,,2016-2017,,San Emigdio,,-119.1728974,35.01005464
Rocks,,3,,,,,,,2016-2017,,San Emigdio,,-119.1729549,35.01014907
Rocks,,4,,,,,,,2016-2017,,San Emigdio,,-119.1855425,34.98363106
Rocks,,3,,,,,,,2016-2017,,San Emigdio,,-119.1854905,34.98354186
Rocks,,4,,,,,,,2016-2017,,San Emigdio,,-119.1854607,34.98348255
Rocks,,2,,,,,,,2016-2017,,San Emigdio,,-119.1855736,34.98319681
Rocks,,4,,,,,,,2016-2017,,San Emigdio,,-119.1856188,34.98312251
Rocks,,2,,,,,,,2016-2017,,San Emigdio,,-119.1855141,34.98303404
Rocks,,5,,,,,,,2016-2017,,San Emigdio,,-119.185506,34.98301551
Rocks,,5,,,,,,,2016-2017,,San Emigdio,,-119.1854876,34.98302838
Rocks,,4,,,,,,,2016-2017,,San Emigdio,,-119.1855004,34.98297943
Rocks,,5,,,,,,,2016-2017,,San Emigdio ,,-119.185742,34.98308166
Rocks,828,2,0,0,0,7,2,14,2014-2015,,Historic,1,-119.0876243,35.019031
Rebar,337,2,1,0,0,5,4,20,2012-2013,,San Emigdio,1,-119.1852527,34.98342848
Rebar,677,5,13,1,0,1,28,28,2013-2014,,Salt,1,-118.9726275,34.97622033
Rebar,157,5,2,0,0,8,5,40,2012-2013,,Muddy,1,-119.2381232,35.02578608
Rebar,58,5,2,0,0,7,7,49,2012-2013,,Historic,1,-119.0876249,35.01953782
Rebar,,5,1,0,0,9,6,54,2012-2013,quaternary  pad appears to have broken off,Lobos,1,-119.2191895,34.99459792
Rebar,170,2,0,0,0,8,7,56,2012-2013,,Muddy,1,-119.2371453,35.02653862
Rebar,10,4,3,1,0,8,8,64,2012-2013,tag A10,San Emigdio,1,-119.1853721,34.9834843
Rebar,85,5,3,0,0,12,7,84,2012-2013,,Lobos,1,-119.2194345,34.99528247
Rebar,77,3,2,0,0,15,6,90,2012-2013,,Lobos,1,-119.2191785,34.9950483
Rebar,178,4,3,2,0,13,7,91,2012-2013,,Muddy,1,-119.2385591,35.02520302
Rocks,,2,3,0,0,19,5,95,2012-2013,,San Emigdio,1,-119.1855419,34.98355975
Rebar,151,4,3,0,0,10,11,110,2012-2013,,Muddy,1,-119.2381844,35.02536847
Rebar,,4,3,2,0,28,4,112,2012-2013,,Muddy,1,-119.2375966,35.02557618
Rebar,153,3,2,1,0,12,10,120,2012-2013,,Muddy,1,-119.2381065,35.02541338
Rocks,576,1,4,0,0,13,10,130,2016-2017,,Salt,1,-118.9727448,34.97685504
Rocks,928,5,14,1,0,52,3,156,2015-2016,,Lobos,1,-119.2193933,34.9943118
Rebar,155,5,5,0,0,16,10,160,2012-2013,,Muddy,1,-119.2381031,35.02572921
Rebar,778,1,1,0,0,18,10,180,2014-2015,,San Emigdio,1,-119.1728102,35.01028052
Rebar,74,5,3,1,0,20,10,200,2012-2013,,Historic,1,-119.0870644,35.0194571
Rocks,,0,0,0,0,20,12,240,2015-2016,"4 scattered  dead pads, no rock circle or rebar nearby",Historic,1,-119.0871782,35.01974966
Rocks,,3,8,0,0,20,12,240,2016-2017,,San Emigdio,1,-119.1854823,34.98288872
Rocks,,5,0,0,0,19,15,285,2016-2017,pads buried,Lobos,1,-119.2190609,34.99436945
Rocks,,3,0,0,0,29,11,319,2016-2017,"Pads uprooted, need replanting",Lobos,1,-119.219185,34.99597235
Rocks,177,3,8,0,0,19,17,323,2016-2017,,Salt,1,-118.9729443,34.97658606
Rocks,480,2,1,0,0,25,13,325,2016-2017,plain rebar but planted 16-17,Historic,1,-119.0870314,35.0190313
Rebar,,3,4,3,0,22,15,330,2012-2013,,Muddy,1,-119.2374876,35.02586408
Rocks,322,5,8,0,0,20,17,340,2016-2017,planted deep,Historic,1,-119.086665,35.01966523
Rocks,200,3,5,0,0,23,16,368,2016-2017,2 replanted,Salt,1,-118.972981,34.97653689
Rocks,,4,8,0,0,22,17,374,2016-2017,,Lobos,1,-119.2191231,34.99478394
Rocks,510,4,7,0,0,25,15,375,2016-2017,,Salt,1,-118.9722442,34.97714015
Vaca,701,5,5,2,0,29,13,377,2013-2014,,Historic,1,-119.0871863,35.01910561
Rocks,545,3,0,0,0,22,18,396,2016-2017,,Historic,1,-119.0865315,35.01913747
Rocks,577,4,8,0,0,22,18,396,2016-2017,,Salt,1,-118.972417,34.97704606
Rebar,736,3,9,1,0,19,21,399,2014-2015,buried in grass,Muddy,1,-119.2385126,35.02545023
Rebar,3,3,7,1,0,25,16,400,2012-2013,2 rebar,San Emigdio,1,-119.1804062,34.99256454
Rebar,159,5,4,4,0,23,18,414,2012-2013,,Muddy,1,-119.2377507,35.02597222
Rocks,,3,3,0,0,23,18,414,2016-2017,,San Emigdio,1,-119.1726584,35.01014183
Rocks,507,2,3,1,0,27,16,432,2016-2017,Not sure if it is a planted one. ,Historic,1,-119.0866432,35.01923332
Rocks,516,3,6,0,0,27,16,432,2016-2017,,Muddy,1,-119.2379312,35.02572238
Rocks,122,4,6,0,0,19,24,456,2016-2017,,Salt,1,-118.972578,34.97702437
Rocks,857,5,11,0,0,23,20,460,2015-2016,,Historic,1,-119.0868343,35.0198691
Rebar,948,5,7,0,0,22,21,462,2015-2016,,Muddy,1,-119.2393103,35.02493479
Rocks,16,3,4,0,0,25,19,475,2016-2017,buried,Historic,1,-119.0866788,35.01950989
Rebar,62,5,3,3,1,25,19,475,2012-2013,,Lobos,1,-119.2189422,34.99541802
Rebar,62,4,4,1,0,28,17,476,2012-2013,,Historic,1,-119.0873198,35.01948328
Rocks,972,5,7,4,0,21,23,483,2015-2016,,Muddy,1,-119.239647,35.02445199
Rocks,906,5,9,3,0,23,21,483,2015-2016,,Salt,1,-118.9727487,34.97664816
Rocks,397,4,9,0,0,22,22,484,2016-2017,,Salt,1,-118.9729127,34.97672138
Rocks,871,5,5,0,0,27,18,486,2015-2016,,Historic,1,-119.0873708,35.01888146
Rebar,734,5,6,3,0,27,18,486,2014-2015,,Muddy,1,-119.2383444,35.025624
Rocks,848,4,10,0,0,27,18,486,2015-2016,,San Emigdio,1,-119.1855486,34.98349639
Rebar,60,4,3,3,0,29,17,493,2012-2013,,Historic,1,-119.087513,35.01956919
Rebar,144,5,4,0,0,26,19,494,2012-2013,,Historic,1,-119.0869639,35.0198267
Rebar,893,5,6,0,0,25,20,500,2015-2016,,Salt,1,-118.9722765,34.97642104
Rocks,,2,1,0,0,27,19,513,2016-2017,Pads missing,Lobos,1,-119.2191039,34.99441311
Rocks,655,4,6,3,0,29,18,522,2013-2014,,Lobos,1,-119.2191955,34.99557584
Rebar,97,5,2,2,0,30,18,540,2012-2013,,Historic,1,-119.0870735,35.0196776
Rebar,869,5,3,0,0,26,21,546,2013-2014,,Historic,1,-119.0868742,35.01912713
Rocks,,4,7,0,0,29,19,551,2016-2017,,San Emigdio,1,-119.1725702,35.01040398
Rebar,152,5,4,3,0,28,20,560,2012-2013,,Muddy,1,-119.2383398,35.02493288
Rocks,348,3,3,0,0,26,22,572,2016-2017,,Historic,1,-119.0869352,35.01915649
Rebar,194,4,3,1,0,34,17,578,2012-2013,,Historic,1,-119.0873431,35.01960083
Rebar,737,4,9,3,0,29,20,580,2014-2015,,Lobos,1,-119.2191856,34.99687865
Rebar,860,5,10,1,0,26,23,598,2015-2016,,Historic,1,-119.0869141,35.01970157
Rocks,102,5,7,0,0,23,26,598,2016-2017,,Salt,1,-118.9724784,34.97701056
Rocks,,5,7,0,0,25,24,600,2016-2017,,Lobos,1,-119.2190702,34.995084
Rocks,525,1,0,0,0,43,14,602,2016-2017,4 pads uprooted but still alive,Muddy,1,-119.2376073,35.02601807
Rocks,509,4,8,0,0,27,23,621,2016-2017,,Muddy,1,-119.2381608,35.02507383
Rocks,865,4,10,0,0,30,21,630,2015-2016,,Historic,1,-119.0868516,35.01936226
Rocks,,5,8,0,0,30,21,630,2016-2017,,Lobos,1,-119.2191779,34.99457343
Rocks,6,5,9,0,0,27,24,648,2016-2017,,Historic,1,-119.0867196,35.0193246
Rocks,176,2,4,0,0,27,24,648,2016-2017,buried,Historic,1,-119.0867702,35.01944544
Rocks,968,5,10,0,0,30,22,660,2015-2016,evidence  of  flowers  ,Muddy,1,-119.2395599,35.02477324
Rocks,,5,3,0,0,35,19,665,2016-2017,Pads buried,Lobos,1,-119.2192052,34.99544586
Rebar,780,2,9,3,0,29,23,667,2014-2015,,San Emigdio,1,-119.172781,35.01001631
Rebar,623,3,6,1,0,31,22,682,2013-2014,,San Emigdio,1,-119.1726813,35.01031064
Rocks,531,3,5,1,0,30,23,690,2016-2017,,Muddy,1,-119.237944,35.02609989
Rebar,946,5,10,4,0,24,29,696,2015-2016,,Muddy,1,-119.2393754,35.02467446
Rebar,725,4,9,3,0,35,20,700,2014-2015,,Muddy,1,-119.2375074,35.02630722
Rocks,522,5,10,0,0,27,26,702,2016-2017,,Muddy,1,-119.2375857,35.02591237
Rocks,,4,6,2,0,27,26,702,2016-2017,no tag; look for orange flag,San Emigdio,1,-119.1855299,34.98335908
Rebar,852,4,8,1,0,32,22,704,2015-2016,,San Emigdio,1,-119.1856103,34.98322212
Rebar,27,4,5,2,0,31,23,713,2012-2013,rebar on side,San Emigdio,1,-119.1803787,34.99287623
Rebar,789,5,10,1,0,29,25,725,2014-2015,,Salt,1,-118.9724084,34.97628491
Rocks,39,5,5,0,0,28,26,728,2016-2017,,Historic,1,-119.0866426,35.0198777
Rocks,505,2,3,0,0,27,27,729,2016-2017,added tag and rebar. most primary pads buried in sand,Historic,1,-119.0865254,35.01928237
Rocks,944,5,12,0,0,32,23,736,2015-2016,,Muddy,1,-119.2394358,35.02457978
Rocks,908,5,12,1,0,34,22,748,2015-2016,1 fallen pad,Salt,1,-118.9725338,34.97679437
Rebar,303,5,7,2,0,30,25,750,2012-2013,,San Emigdio,1,-119.1854562,34.98301339
Rebar,776,3,6,2,0,47,16,752,2014-2015,,San Emigdio,1,-119.1726329,35.0103597
Rebar,748,5,7,5,0,33,23,759,2014-2015,,Lobos,1,-119.2192316,34.99574368
Rocks,510,4,6,1,0,32,24,768,2016-2017,"2 dead secondary pads, 1 dead tertiary  ",Muddy,1,-119.2381153,35.02514866
Rocks,886,5,7,0,0,29,27,783,2015-2016,,Salt,1,-118.9716725,34.97692032
Rocks,,5,6,0,0,28,28,784,2016-2017,,Lobos,1,-119.219114,34.99476099
Rocks,523,5,13,2,0,28,28,784,2016-2017,,Muddy,1,-119.2376447,35.02598498
Rebar,627,5,12,8,1,24,33,792,2013-2014,,Muddy,1,-119.238662,35.02541375
Rocks,919,5,7,2,0,29,28,812,2015-2016,,Lobos,1,-119.2195364,34.99503574
Rocks,885,5,7,2,0,33,25,825,2015-2016,pooped on by cattle ,Historic,1,-119.0868893,35.01892234
Rocks,,5,8,1,0,32,26,832,2016-2017,,San Emigdio,1,-119.1855494,34.98319524
Rocks,,4,8,0,0,32,26,832,2016-2017,,San Emigdio,1,-119.1854397,34.98290008
Rocks,526,5,7,0,0,38,22,836,2016-2017,,Muddy,1,-119.2376438,35.02616282
Rebar,739,5,11,1,0,31,27,837,2014-2015,,Lobos,1,-119.2192274,34.99671294
Rocks,856,4,9,0,0,35,24,840,2015-2016,RE-VISIT,San Emigdio,1,-119.1857032,34.98347855
Rocks,922,5,6,0,0,34,25,850,2015-2016,,Lobos,1,-119.219514,34.99480039
Rebar,816,5,5,2,0,33,27,891,2014-2015,,Historic,1,-119.087058,35.01931224
Rebar,,5,11,2,0,31,29,899,2013-2014,missing tag,Historic,1,-119.0875821,35.01920647
Rebar,740,5,11,1,0,29,31,899,2014-2015,,Lobos,1,-119.2192047,34.99664655
Rebar,896,5,10,0,0,38,24,912,2015-2016,,Salt,1,-118.972504,34.9762857
Rebar,717,4,11,5,0,40,23,920,2014-2015,,Muddy,1,-119.2381075,35.02533416
Rocks,959,4,10,1,0,40,23,920,2015-2016,,Muddy,1,-119.2394201,35.02546028
Rebar,716,4,8,7,1,29,32,928,2014-2015,,Muddy,1,-119.2381803,35.02524016
Rebar,920,5,12,0,0,33,29,957,2015-2016,,Lobos,1,-119.2195295,34.99497791
Rocks,926,5,8,1,0,33,29,957,2015-2016,,Lobos,1,-119.2193819,34.99447691
Rebar,874,4,8,0,0,31,31,961,2015-2016,,Historic,1,-119.0874771,35.01918794
Rebar,866,4,8,3,0,36,27,972,2015-2016,,Historic,1,-119.0869278,35.01931945
Rocks,883,5,11,0,0,35,28,980,2015-2016,,Historic,1,-119.0873673,35.01980017
Rocks,26,5,4,8,0,47,21,987,2012-2013,# from rectangular tag,San Emigdio,1,-119.1804038,34.99287226
Rocks,937,5,7,3,0,34,30,1020,2015-2016,,Lobos,1,-119.2194238,34.99501883
Rebar,645,4,11,5,0,31,33,1023,2013-2014,,Muddy,1,-119.2381176,35.02522488
Rocks,,5,5,0,0,36,29,1044,2016-2017,,San Emigdio,1,-119.1856642,34.98357283
Rebar,684,5,14,3,1,33,32,1056,2013-2014,,Salt,1,-118.9718381,34.97692129
Rebar,891,5,5,0,0,41,26,1066,2015-2016,,Salt,1,-118.9721509,34.97657469
Vaca,,5,6,5,0,24,45,1080,2014-2015,missing tag,Historic,1,-119.0875593,35.01958858
Rocks,895,5,10,3,0,35,31,1085,2015-2016,,Salt,1,-118.9723992,34.97637439
Vaca,807,5,8,5,0,34,32,1088,2014-2015,,Historic,1,-119.0868123,35.01975779
Rebar,907,5,15,2,0,38,29,1102,2015-2016,,Salt,1,-118.9726358,34.97674438
Rocks,367,4,1,0,0,36,31,1116,2016-2017,,Historic,1,-119.0869583,35.01930376
Rocks,950,4,10,2,0,31,36,1116,2015-2016,,Muddy,1,-119.2392369,35.02502031
Rocks,,5,5,0,0,35,32,1120,2016-2017,,Lobos,1,-119.2192735,34.99433126
Rocks,,5,5,0,0,35,33,1155,2016-2017,RE-VISIT. Needs Rebar and tag #,Muddy,1,-119.2377044,35.02629934
Rocks,931,5,13,1,0,40,29,1160,2015-2016,,Lobos,1,-119.2193003,34.99469167
Rebar,967,5,10,0,0,42,28,1176,2015-2016,,Muddy,1,-119.2395509,35.02481318
Rebar,730,5,14,6,0,38,31,1178,2014-2015,,Muddy,1,-119.2379341,35.02605697
Vaca,700,5,12,3,1,40,30,1200,2013-2014,,Historic,1,-119.0867308,35.01897016
Rebar,811,5,11,4,0,40,30,1200,2014-2015,,Historic,1,-119.0868209,35.01920515
Vaca,940,5,11,0,0,40,30,1200,2015-2016,,Lobos,1,-119.2194377,34.99516366
Rebar,788,5,9,3,0,48,25,1200,2014-2015,,Salt,1,-118.9723014,34.97637531
Rebar,714,5,15,2,0,34,36,1224,2014-2015,,Muddy,1,-119.2383026,35.02493977
Rebar,813,5,10,5,0,46,27,1242,2014-2015,,Historic,1,-119.0868096,35.0189421
Rebar,626,4,16,7,0,36,36,1296,2013-2014,,Muddy,1,-119.2386839,35.02523106
Rocks,90,3,6,0,0,81,16,1296,2016-2017,1 outside rock circle but alive,Salt,1,-118.9723315,34.97707413
Vaca,615,5,7,1,0,47,28,1316,2014-2015,,Historic,1,-119.0870585,35.01916129
Rebar,784,5,10,3,0,43,31,1333,2014-2015,,Salt,1,-118.9717426,34.97683026
Rebar,142,5,5,2,0,46,29,1334,2012-2013,,Historic,1,-119.0870151,35.01981608
Rebar,742,5,6,0,0,41,33,1353,2014-2015,,Lobos,1,-119.2192078,34.99647564
Rebar,821,5,11,7,0,34,40,1360,2014-2015,,Historic,1,-119.0872984,35.01995518
Rebar,723,5,20,1,0,40,34,1360,2014-2015,,Muddy,1,-119.2377271,35.02598347
Rocks,851,4,11,2,0,42,33,1386,2015-2016,,San Emigdio,1,-119.18561,34.98326954
Rocks,765,5,12,3,0,41,34,1394,2014-2015,,San Emigdio,1,-119.1855591,34.98334269
Vaca,657,5,8,5,2,40,35,1400,2013-2014,some buried ,Lobos,1,-119.2192005,34.99597152
Rebar,640,5,14,6,0,40,35,1400,2013-2014,,Muddy,1,-119.2374753,35.02618984
Rocks,831,5,15,5,0,40,35,1400,2015-2016,,San Emigdio,1,-119.1729823,35.01049459
Rebar,709,5,22,8,0,38,37,1406,2013-2014,,Historic,1,-119.0875894,35.01976817
Vaca,663,5,20,4,0,46,31,1426,2013-2014,lots of grass,Lobos,1,-119.2178294,35.00020589
Rocks,956,5,16,1,0,36,40,1440,2015-2016,evidence  of  flowers  ,Muddy,1,-119.2390631,35.02549217
Vaca,751,5,13,6,0,51,29,1479,2014-2015,,Lobos,1,-119.219279,34.99542369
Vaca,704,5,13,3,0,39,38,1482,2013-2014,,Historic,1,-119.0871287,35.01946038
Rebar,628,3,9,3,0,39,38,1482,2013-2014,,Muddy,1,-119.2385523,35.02558834
Rebar,629,4,18,2,0,39,38,1482,2013-2014,,Muddy,1,-119.2383415,35.02581801
Vaca,729,5,11,6,1,39,38,1482,2014-2015,,Muddy,1,-119.2377296,35.02623141
Rebar,958,5,13,1,0,44,34,1496,2015-2016,evidence of flowers  ,Muddy,1,-119.2393833,35.0255331
Rebar,877,5,14,0,0,46,33,1518,2015-2016,,Historic,1,-119.0874209,35.01935144
Rocks,541,4,9,0,0,55,28,1540,2016-2017,bases buried in fresh sediment (flooding). 1 pad washed out of rock circle (large length),Muddy,1,-119.2377911,35.02549303
Vaca,759,5,7,0,0,47,33,1551,2014-2015,unsure if right tag #,Lobos,1,-119.2193001,34.9944247
Vaca,793,5,8,6,1,42,37,1554,2014-2015,,Salt,1,-118.9725535,34.97642748
Rebar,801,5,15,4,0,52,30,1560,2014-2015,,Salt,1,-118.9719689,34.97706994
Rocks,909,4,11,1,0,40,39,1560,2015-2016,,Salt,1,-118.9724822,34.97683308
Rebar,845,5,14,4,0,40,39,1560,2015-2016,,San Emigdio,1,-119.1804955,34.99245104
Rebar,750,5,18,2,0,48,33,1584,2014-2015,,Lobos,1,-119.2192424,34.9955364
Rocks,838,5,15,13,0,43,37,1591,2015-2016,,San Emigdio,1,-119.1728455,35.01039661
Rebar,683,5,15,2,0,49,33,1617,2013-2014,,Salt,1,-118.9719617,34.97684378
Rocks,830,5,17,3,0,47,36,1692,2015-2016,,San Emigdio,1,-119.1729983,35.01047624
Rebar,792,5,15,2,0,49,35,1715,2014-2015,,Salt,1,-118.9725985,34.97635323
Vaca,652,5,15,5,0,50,35,1750,2013-2014,,Lobos,1,-119.2192108,34.99487603
Vaca,654,5,12,7,0,43,41,1763,2013-2014,,Lobos,1,-119.2191653,34.99532817
Rebar,923,5,9,0,0,43,41,1763,2015-2016,,Lobos,1,-119.2194965,34.99471542
Rebar,639,5,11,0,0,47,38,1786,2013-2014,half of primary pads buried in fresh sediment  ,Muddy,1,-119.2373814,35.02628368
Rocks,843,5,20,2,0,46,39,1794,2015-2016,,San Emigdio,1,-119.1803299,34.99277974
Rebar,910,5,13,0,0,44,41,1804,2015-2016,,Salt,1,-118.9723857,34.9768672
Rebar,707,5,18,3,0,46,40,1840,2013-2014,,Historic,1,-119.0871436,35.01988408
Vaca,651,4,16,1,0,57,33,1881,2013-2014,,Lobos,1,-119.2194338,34.99478277
Vaca,757,5,15,7,0,45,42,1890,2014-2015,,Lobos,1,-119.2192354,34.99463951
Rebar,691,4,18,8,0,50,39,1950,2013-2014,,Salt,1,-118.9728578,34.9763019
Vaca,630,4,14,15,5,61,32,1952,2014-2015,,Muddy,1,-119.2381667,35.02592328
Rocks,611,4,12,12,0,51,39,1989,2013-2014,,San Emigdio,1,-119.1804049,34.99245508
Rocks,835,4,14,5,0,54,38,2052,2015-2016,,San Emigdio,1,-119.1727198,35.01064233
Rocks,829,5,18,8,0,47,44,2068,2015-2016,,San Emigdio,1,-119.1800483,34.99232904
Rebar,771,4,18,5,0,51,43,2193,2014-2015,rebar on side,San Emigdio,1,-119.1803223,34.99259819
Rocks,712,5,16,3,0,55,40,2200,2014-2015,,Historic,1,-119.0876173,35.01907478
Vaca,659,4,13,1,0,52,43,2236,2013-2014,,Lobos,1,-119.2191364,34.99631371
Rebar,678,5,14,2,0,53,43,2279,2013-2014,,Salt,1,-118.9725172,34.97631397
Rebar,642,4,22,7,1,63,38,2394,2013-2014,,Muddy,1,-119.2377117,35.02580154
Rebar,803,5,16,6,0,58,42,2436,2014-2015,,Salt,1,-118.9722871,34.97679512
Vaca,799,5,13,5,1,42,58,2436,2014-2015,,Salt,1,-118.9717779,34.97706205
Vaca,660,5,11,2,0,58,43,2494,2013-2014,,Lobos,1,-119.219134,34.99647052
Vaca,653,5,15,2,2,64,39,2496,2013-2014,,Lobos,1,-119.2191668,34.99504643
Rocks,763,5,14,9,1,63,40,2520,2014-2015,,San Emigdio,1,-119.1856,34.98312439
Rebar,687,5,11,9,2,67,40,2680,2013-2014,,Salt,1,-118.9722693,34.97685429
Rebar,698,5,12,11,2,55,49,2695,2013-2014,,Historic,1,-119.0867095,35.01922585
Rebar,800,5,15,8,1,60,45,2700,2014-2015,,Salt,1,-118.9718738,34.97710746
Rebar,710,5,17,5,1,55,50,2750,2013-2014,,Historic,1,-119.0876375,35.01956003
Rebar,609,4,21,13,1,64,43,2752,2013-2014,,San Emigdio,1,-119.1801054,34.99237985
Rebar,634,4,30,4,0,60,48,2880,2013-2014,,Muddy,1,-119.2374182,35.02677317
Vaca,648,5,13,11,3,58,51,2958,2013-2014,,Lobos,1,-119.2192602,34.99453738
Rebar,304,5,8,5,2,61,49,2989,2012-2013,,San Emigdio,1,-119.1854019,34.98303695
Rebar,305,5,8,7,2,59,51,3009,2012-2013,,San Emigdio,1,-119.1854964,34.98301157
Rocks,612,4,23,13,6,69,44,3036,2013-2014,,San Emigdio,1,-119.1804477,34.99257664
Rocks,943,5,13,4,0,59,52,3068,2015-2016,,Lobos,1,-119.2194007,34.9953701
Rebar,673,5,11,6,0,72,43,3096,2013-2014,,Salt,1,-118.9720661,34.97653544
Rebar,674,5,14,4,1,68,48,3264,2013-2014,,Salt,1,-118.9721868,34.97637898
Rocks,607,5,15,7,1,70,47,3290,2013-2014,,San Emigdio,1,-119.185592,34.98329415
Rocks,610,4,21,7,0,60,55,3300,2013-2014,,San Emigdio,1,-119.1803008,34.99242587
Rebar,675,5,11,7,2,67,51,3417,2013-2014,,Salt,1,-118.9723279,34.9762533
Rocks,772,5,23,5,4,77,46,3542,2014-2015,,San Emigdio,1,-119.1804277,34.99263176
Rebar,770,4,23,15,1,71,50,3550,2014-2015,rebar removed,San Emigdio,1,-119.1803568,34.99244247
Rebar,686,5,24,4,1,69,57,3933,2013-2014,,Salt,1,-118.9720987,34.97700961
Rebar,19,4,9,8,1,77,65,5005,2012-2013,used to have double rebar ,San Emigdio,1,-119.1805398,34.99271445
Rebar,608,4,17,21,3,87,79,6873,2013-2014,,San Emigdio,1,-119.1800001,34.99232041
Rebar,774,3,16,24,7,101,90,9090,2014-2015,,San Emigdio,1,-119.1803502,34.99297486
